video_id,channel_handle,channel_name,subscribers,title,published_at,year,views,length_seconds,url,thumbnail
8ez8obdliEI,@FinancialEducation,Financial Education,932000.0,The Market Just BLEW UP,2026-04-08,2026,92194,2685,https://www.youtube.com/watch?v=8ez8obdliEI,thumbnails/8ez8obdliEI.jpg
GQCVQWLNjPA,@siannews,Sián,49600.0,TODA la VERDAD y lo que NO TE DICEN del brote de HANTAVIRUS en MV Hondius,2026-05-07,2026,57,685,https://www.youtube.com/watch?v=GQCVQWLNjPA,thumbnails/GQCVQWLNjPA.jpg
4sYZZe4SXAU,@Rhykker,Rhykker,710000.0,Diablo 4 Lord of Hatred Changes (Almost) Everything,2026-04-23,2026,274239,994,https://www.youtube.com/watch?v=4sYZZe4SXAU,thumbnails/4sYZZe4SXAU.jpg
CCirXtalE28,@JsVibesMusic,JsVibes Music,56500.0,Chill Vibes Playlist 2026🌿| Morning Serenity Healing Songs — Global Chill Mix ~ Best English Songs,2026-01-11,2026,73590,5986,https://www.youtube.com/watch?v=CCirXtalE28,thumbnails/CCirXtalE28.jpg
dBVrlc13_Ac,@Shirrako,Shirrako,2560000.0,APHELION Gameplay Walkthrough FULL GAME (4K 60FPS) No Commentary,2026-04-28,2026,48197,16918,https://www.youtube.com/watch?v=dBVrlc13_Ac,thumbnails/dBVrlc13_Ac.jpg
QmXCPcE5474,@soycristinadayz,Cristina Dayz ,77700.0,Cómo Ahorrar 10K en 1 año (sin ser TACAÑA) I Tips para ahorrar dinero,2026-03-01,2026,14078,735,https://www.youtube.com/watch?v=QmXCPcE5474,thumbnails/QmXCPcE5474.jpg
Eaf2ziLwEk0,@KarmaxAR,Karmax AR,100000.0,She Thinks Her Love Is One-Sided Until the Quiet Boy in Class Confesses | Anime Recap,2026-03-15,2026,35857,6166,https://www.youtube.com/watch?v=Eaf2ziLwEk0,thumbnails/Eaf2ziLwEk0.jpg
rq6Bm2bEWro,@FabiZea,Fabi Zea,829000.0,¡Prepara este chamoy casero! 🔥🤩,2026-02-14,2026,2091,140,https://www.youtube.com/watch?v=rq6Bm2bEWro,thumbnails/rq6Bm2bEWro.jpg
5wWna39pNKI,@rickyedit,rickyedit,3570000.0,un acosador ha perseguido a esta chica en directo.,2026-01-23,2026,1024860,2932,https://www.youtube.com/watch?v=5wWna39pNKI,thumbnails/5wWna39pNKI.jpg
oUDsIzQhpa0,channel/UCyUBW72KU30dfAYWLVNZO8Q,Stefan Mischook,277000.0,C++ Is Fading — And That’s a Huge Opportunity,2026-02-28,2026,7869,733,https://www.youtube.com/watch?v=oUDsIzQhpa0,thumbnails/oUDsIzQhpa0.jpg
8jiIxc8r06s,@LACOCINAYSUSABOR,LA COCINA Y SU SABOR,1390000.0,"Pan Turco Sin Horno!!queda tierno, suave y Delicioso se cocina en 2 minutos!!!para el desayuno",2026-01-30,2026,81290,998,https://www.youtube.com/watch?v=8jiIxc8r06s,thumbnails/8jiIxc8r06s.jpg
ZLXKcG0AlCs,@marugameCH,まるのゲーム実況チャンネル,16700.0,◯◯ゾンビのせいで従業員が全滅しました。【The Walking Trade｜ウォーキングトレード｜サバイバル｜攻略｜ゲーム実況】,2026-03-17,2026,1922,1621,https://www.youtube.com/watch?v=ZLXKcG0AlCs,thumbnails/ZLXKcG0AlCs.jpg
BEowYX19MmY,@AirplayBeats,Airplay Beats,98100.0,Soundgarden - Jesus Christ Pose (REACTION) #soundgarden #reaction #airplaybeats,2026-03-05,2026,6212,543,https://www.youtube.com/watch?v=BEowYX19MmY,thumbnails/BEowYX19MmY.jpg
OCX0KW2skhQ,@ironboy1203,癒しのあいろん雑学ゲーム実況,152000.0,#14【全エンディング】バイオハザード レクイエム 解説攻略【ラスボス・ノーダメージ撃破＆Grace's Report】,2026-03-06,2026,16491,3797,https://www.youtube.com/watch?v=OCX0KW2skhQ,thumbnails/OCX0KW2skhQ.jpg
3_RJE51Amz4,channel/UCj83I0PrbdTDmoUXBosTyXg,ChillPanic,70100.0,Seven Lions & Brieanna Grace - Free (ChillPanic Remix) #SEVENLIONSFREE,2026-04-21,2026,489,177,https://www.youtube.com/watch?v=3_RJE51Amz4,thumbnails/3_RJE51Amz4.jpg
7P5KqMkfqsw,@tiomarcoresumenes,Marco,581000.0,"🌍(1-3) DESPERTÓ COMO HÉROE EN UN MUNDO CONGELADO, DONDE LA HUMANIDAD YA NO EXISTE",2026-04-17,2026,61356,1737,https://www.youtube.com/watch?v=7P5KqMkfqsw,thumbnails/7P5KqMkfqsw.jpg
1eUNEeSykcw,@CanalTop10,Canal Top10,,O Ultimato de Trump no Estreito de Ormuz contra o Irã,2026-04-07,2026,163273,1664,https://www.youtube.com/watch?v=1eUNEeSykcw,thumbnails/1eUNEeSykcw.jpg
9ki6ZVO1I0E,@WindWalkTravelVideos,Wind Walk Travel Videos ʬ,238000.0,[4K]☃️Snow-Covered Boulder Bay Park in Big Bear Lake California 2026 Walking Tour & Travel Guide,2026-02-24,2026,2575,1197,https://www.youtube.com/watch?v=9ki6ZVO1I0E,thumbnails/9ki6ZVO1I0E.jpg
s3vmYhbK5lE,@VeoPR,VeoPR,42600.0,Recordamos la ÚLTIMA ENTREVISTA a Piculín Ortiz en RYSA | Raymond Y Sus Amigos | 5 mayo 2026,2026-05-05,2026,29095,451,https://www.youtube.com/watch?v=s3vmYhbK5lE,thumbnails/s3vmYhbK5lE.jpg
S1YUGPI0nRk,@Gameskeysnet,Gameskeys,83000.0,Super Alloy Crush – Full Game Walkthrough,2026-04-11,2026,600,5080,https://www.youtube.com/watch?v=S1YUGPI0nRk,thumbnails/S1YUGPI0nRk.jpg
YSp63kq8X9w,@afreendastarkhwan,Afreen Dastarkhwan,138000.0,Hazrat Tajuddin Baba Dargah Ziyarat ( Nagpur ) Vlog 2026 {AFREEN DASTARKHWAN},2026-04-17,2026,22063,1067,https://www.youtube.com/watch?v=YSp63kq8X9w,thumbnails/YSp63kq8X9w.jpg
kQGqF2TNctU,@horsemeet19,Horsemeet,199000.0,"""I met my first freak"" - reading emails",2026-01-17,2026,28874,937,https://www.youtube.com/watch?v=kQGqF2TNctU,thumbnails/kQGqF2TNctU.jpg
BglvO2l9xaE,@barriourbano1,Barrio Urbano,881000.0,"Karol G , Romeo Santos - No Me Vuelvo A Enamorar (Official Music Video)",2026-01-04,2026,40844,260,https://www.youtube.com/watch?v=BglvO2l9xaE,thumbnails/BglvO2l9xaE.jpg
QSsKBvXzMAM,@LucasClashON,Lucas Clash ON,7690000.0,O QUE 100 REAIS LIBERA EM DIFERENTES CONTAS DE BRAWL STARS?,2026-05-18,2026,84740,929,https://www.youtube.com/watch?v=QSsKBvXzMAM,thumbnails/QSsKBvXzMAM.jpg
bucHcF7jp1w,@TheInjuryBreakdown,The Injury Breakdown,,Jack Grealish Played 90 Minutes With a BROKEN FOOT World Cup Gone,2026-01-23,2026,80,600,https://www.youtube.com/watch?v=bucHcF7jp1w,thumbnails/bucHcF7jp1w.jpg
R7lR-OGvpOM,@ADVgamer-neco,観るアドベンチャーゲーム専門処@ネコ,13000.0,【街で噂の伯爵様①：ダリム編】何だかみんなどうかしてる男達と共に生活するダークな乙女ゲーム（実況なし）,2026-01-28,2026,859,4342,https://www.youtube.com/watch?v=R7lR-OGvpOM,thumbnails/R7lR-OGvpOM.jpg
BYlm-2r_QRg,@Mundukos,Mundukos,690000.0,¿Por qué sigo varada en Dubai?,2026-03-05,2026,27117,472,https://www.youtube.com/watch?v=BYlm-2r_QRg,thumbnails/BYlm-2r_QRg.jpg
rbI-lNHE9ro,@LaweenDow,Laween Dow Tarot,,Préparez-vous à un bel effet surprise !,2026-03-20,2026,9153,1803,https://www.youtube.com/watch?v=rbI-lNHE9ro,thumbnails/rbI-lNHE9ro.jpg
_Hhsj9R3k_c,@qricorecetas,Q'Rico recetas,685000.0,"""La Ensalada Más Deliciosa Que Habrás De Probar. ¡Te Encantará!""🍑",2026-01-19,2026,2809,236,https://www.youtube.com/watch?v=_Hhsj9R3k_c,thumbnails/_Hhsj9R3k_c.jpg
0QN-um36Ny8,@afreendastarkhwan,Afreen Dastarkhwan,138000.0,Haldi Ki Rasam | Dulha Or Dulhan Ki Haldi | Gulbarga Vlog | {AFREEN DASTARKHWAN} 2026,2026-05-18,2026,36091,464,https://www.youtube.com/watch?v=0QN-um36Ny8,thumbnails/0QN-um36Ny8.jpg
suZ_5cUQQSc,@Rhykker,Rhykker,710000.0,Dragonkin: The Banished Is a Surprisingly Good ARPG With One Big Catch,2026-04-26,2026,28234,2281,https://www.youtube.com/watch?v=suZ_5cUQQSc,thumbnails/suZ_5cUQQSc.jpg
NVmsr269rNo,@KarmaxAR,Karmax AR,100000.0,She Thinks Her Love Is One-Sided Until the Quiet Boy in Class Confesses,2026-01-19,2026,23203,1213,https://www.youtube.com/watch?v=NVmsr269rNo,thumbnails/NVmsr269rNo.jpg
iSBNrP7sbWI,@Macakiux,Macakiux,817000.0,ENCONTRÉ CYBERTRUCKS ABANDONADAS,2026-01-20,2026,166618,552,https://www.youtube.com/watch?v=iSBNrP7sbWI,thumbnails/iSBNrP7sbWI.jpg
3Tdou54CJI8,@FoxmaidenOxB,Foxmaiden,12900.0,#1 Um Novo Outbreak! Investigações de Grace e Leon! - Resident Evil Requiem,2026-03-04,2026,13,5362,https://www.youtube.com/watch?v=3Tdou54CJI8,thumbnails/3Tdou54CJI8.jpg
Bnoad1Nn69c,@ajimurachannel,ajimura channel,27900.0,失われた魔法使いと残された賢者の書【魔法使いの約束】#3,2026-03-08,2026,1174,1875,https://www.youtube.com/watch?v=Bnoad1Nn69c,thumbnails/Bnoad1Nn69c.jpg
k9GFn430zc8,@FTReview,FT Review,84300.0,Dolly Review || Dolly Movie Review || Faheem Taj,2026-04-01,2026,9974,96,https://www.youtube.com/watch?v=k9GFn430zc8,thumbnails/k9GFn430zc8.jpg
qmiwy34icWw,@marugameCH,まるのゲーム実況チャンネル,16700.0,開かずの扉の先にヤバいのいた。【ウォーキングトレード】,2026-03-24,2026,2075,2213,https://www.youtube.com/watch?v=qmiwy34icWw,thumbnails/qmiwy34icWw.jpg
bqSjxn8-j6s,@PopHitsCentral3501,Pop Hits Central,,Top20. Top Song Cover l Relax Hot Hit Music Pop Playlist Best Song 🎙✨ 2026,2026-05-09,2026,2916,7780,https://www.youtube.com/watch?v=bqSjxn8-j6s,thumbnails/bqSjxn8-j6s.jpg
r4UxBJ3tN6A,@arte,ARTE,,"Bangladesh : Daulatdia , la ville des prostituées | ARTE Reportage (2017)",2026-03-19,2026,2271639,1478,https://www.youtube.com/watch?v=r4UxBJ3tN6A,thumbnails/r4UxBJ3tN6A.jpg
so1mzcgYbso,@marugameCH,まるのゲーム実況チャンネル,16700.0,全商品を「無料」で営業した結果【Supermarket Simulator/スーパーマーケットシミュレーター】,2026-04-01,2026,485,649,https://www.youtube.com/watch?v=so1mzcgYbso,thumbnails/so1mzcgYbso.jpg
4ynLyDAoIu0,@Nin10doland,Nin10doland,391000.0,CRAZY New Zelda Movie Info Just Dropped...,2026-04-20,2026,57156,603,https://www.youtube.com/watch?v=4ynLyDAoIu0,thumbnails/4ynLyDAoIu0.jpg
RRIgjAcpSPg,@ChibiReviews,Chibi Reviews,486000.0,I'm Sorry.. I Need to Talk About This as a Fan,2026-04-17,2026,33189,616,https://www.youtube.com/watch?v=RRIgjAcpSPg,thumbnails/RRIgjAcpSPg.jpg
EH0R9wpUL6A,@GamesPuff,Games Puff,16800.0,Essential Games That Run Perfectly on Low End Gaming Laptops,2026-05-12,2026,47,146,https://www.youtube.com/watch?v=EH0R9wpUL6A,thumbnails/EH0R9wpUL6A.jpg
5vNlC3yJXzM,@shurkou3,even more shurkou,18200.0,I FINALLY hit a legit Sloth Build! I had 3034 MAX HP and 58 Empower.,2026-04-18,2026,2318,3004,https://www.youtube.com/watch?v=5vNlC3yJXzM,thumbnails/5vNlC3yJXzM.jpg
J9GQ2HMtMoY,@ElHolandesErrantesp,El Holandes Errante,17500.0,Cómo conseguir Cuarzo en StarRupture 💎 Dónde encontrarlo rápido,2026-05-06,2026,75,1478,https://www.youtube.com/watch?v=J9GQ2HMtMoY,thumbnails/J9GQ2HMtMoY.jpg
kGPggufAoFE,@AileenSenpai,AileenSenpai,475000.0,MOST POPULAR Song Each Month in the 70s | FIRST TIME REACTION,2026-01-17,2026,64205,954,https://www.youtube.com/watch?v=kGPggufAoFE,thumbnails/kGPggufAoFE.jpg
VXP6bAm5n5Q,@CGInferno,CGInferno,132000.0,NTE (Neverness To Everness) - Episode 4 Epilogue Scene (1.0 Epilogue),2026-05-03,2026,2116,217,https://www.youtube.com/watch?v=VXP6bAm5n5Q,thumbnails/VXP6bAm5n5Q.jpg
PVPFb_LxLXI,@resumiendo.,Resumiendo,47900.0,OUTLANDER | Temporada 7 RESUMEN COMPLETO antes de ver la TEMPORADA 8,2026-03-06,2026,6775,863,https://www.youtube.com/watch?v=PVPFb_LxLXI,thumbnails/PVPFb_LxLXI.jpg
EMqwyttsTpA,@Uglarvisk,Uglarvisk,10800.0,Simple Setups for Every Liquid Recipe (Complete Guide) | Alchemy Factory,2026-02-10,2026,3762,790,https://www.youtube.com/watch?v=EMqwyttsTpA,thumbnails/EMqwyttsTpA.jpg
0jmIvRn1HBc,@PhoneInk,PhoneInk,253000.0,Subliminal Episode 1 - Secret Ending (Erase),2026-04-03,2026,1726,591,https://www.youtube.com/watch?v=0jmIvRn1HBc,thumbnails/0jmIvRn1HBc.jpg
EePZ8yBi3Kw,@Mobah,Mobah,44000.0,DEFENDING LYDIA COLLIER [v0.20] JOGO DE ROMANCE (Android|Pc),2026-05-18,2026,343,135,https://www.youtube.com/watch?v=EePZ8yBi3Kw,thumbnails/EePZ8yBi3Kw.jpg
JGAhS5mCd1E,@danteteloresumen,Dante Resumen,67500.0,Tougen Anki Temporada 1 🔥 Resumen Completo | La Guerra Sangrienta de los Oni,2026-02-02,2026,25230,2968,https://www.youtube.com/watch?v=JGAhS5mCd1E,thumbnails/JGAhS5mCd1E.jpg
aX5TOrLviac,@Supermanualidades,supermanualidades,4240000.0,Trucos virales con Taba Squishies - Supermanualidades,2026-01-21,2026,709382,1364,https://www.youtube.com/watch?v=aX5TOrLviac,thumbnails/aX5TOrLviac.jpg
YyfpcSMtpN4,@fgw,fgw,13300.0,TWO STRIKES Gameplay Walkthrough FULL GAME (PC 4K 60FPS) - No Commentary,2026-04-07,2026,101,4385,https://www.youtube.com/watch?v=YyfpcSMtpN4,thumbnails/YyfpcSMtpN4.jpg
4VjrtWuATb4,@esRadiovideos,esRadio,856000.0,El día en 15 minutos | El viaje fallido de Zapatero a Venezuela,2026-05-20,2026,25303,1071,https://www.youtube.com/watch?v=4VjrtWuATb4,thumbnails/4VjrtWuATb4.jpg
5lBWuEZ2qyo,@EurovisionSongContest,Eurovision Song Contest,7830000.0,Søren Torpegaard Lund - Før Vi Går Hjem (LIVE) | Denmark 🇩🇰 | Grand Final | Eurovision 2026,2026-05-16,2026,507642,201,https://www.youtube.com/watch?v=5lBWuEZ2qyo,thumbnails/5lBWuEZ2qyo.jpg
McIF0zmUpgk,@KeenoePlays,Keenoe Plays,24400.0,Hoarding All the Stats with INSANE Dragon Scaling in Super Auto Pets!,2026-03-20,2026,7396,2387,https://www.youtube.com/watch?v=McIF0zmUpgk,thumbnails/McIF0zmUpgk.jpg
2xtd6B9cUvg,@marcelpaa,Einfach Backen - Marcel Paa,,Backen im Gusseisentopf: Mach diese 3 Fehler NIEMALS!,2026-02-20,2026,82078,712,https://www.youtube.com/watch?v=2xtd6B9cUvg,thumbnails/2xtd6B9cUvg.jpg
uGA8KPM9PtU,@Etienne_Beaumont6,Étienne Beaumont,,Freud — Le génie qui lisait dans vos rêves mieux que vous-même | documentaire!,2026-03-25,2026,17616,5561,https://www.youtube.com/watch?v=uGA8KPM9PtU,thumbnails/uGA8KPM9PtU.jpg
qhoDMFNTJoA,@actressramyapandian,Ramya Pandian,107000.0,From Ranbir Kapoor to Ramya Pandian 😍 | Celebrities Who Visited This Chandigarh Food Spot,2026-03-03,2026,70223,1230,https://www.youtube.com/watch?v=qhoDMFNTJoA,thumbnails/qhoDMFNTJoA.jpg
zyf5WNioll0,@VogalizandoaHistória,Vogalizando a História,,AS FRONTEIRAS MAIS PERIGOSAS DO MUNDO,2026-04-07,2026,50695,753,https://www.youtube.com/watch?v=zyf5WNioll0,thumbnails/zyf5WNioll0.jpg
S01rFfnlIlE,@MxPlay_Oficial,MxPlay,113000.0,FOOD PROCESSING SIMULATOR - GAMEPLAY PC (4K 60FPS) | SIMULADOR DE FÁBRICA DE ALIMENTOS,2026-01-05,2026,156,1668,https://www.youtube.com/watch?v=S01rFfnlIlE,thumbnails/S01rFfnlIlE.jpg
xBdQmxl33-k,@LRDreaming,L & R Dreaming,41100.0,"WALT DISNEY WORLD 🏰 - JANUARY 2026 - DAY 10 - MAGIC KINGDOM, THE BOATHOUSE & EPCOT",2026-03-12,2026,9315,3187,https://www.youtube.com/watch?v=xBdQmxl33-k,thumbnails/xBdQmxl33-k.jpg
z6jQ7mU4AQA,@enfant-terrible,ENFANT TERRIBLE,494000.0,ASSASSIN'S CREED HEXE and MOST BRUTAL Open World RPGs coming in 2026 and 2027,2026-04-29,2026,107353,4772,https://www.youtube.com/watch?v=z6jQ7mU4AQA,thumbnails/z6jQ7mU4AQA.jpg
aILOrB9Y5iw,@MayaGraves,Maya Graves,685000.0,CLEAN WITH ME| Deep Cleaning My Entire House + Inspiring Cleaning Motivation To Reset Your Home!,2026-02-18,2026,46413,2208,https://www.youtube.com/watch?v=aILOrB9Y5iw,thumbnails/aILOrB9Y5iw.jpg
2e_JRxlK5X4,@Nin10doland,Nin10doland,391000.0,It’s OFFICIALLY Time for the Zelda 40th Festivities!,2026-02-21,2026,46288,736,https://www.youtube.com/watch?v=2e_JRxlK5X4,thumbnails/2e_JRxlK5X4.jpg
wmEq86kmp64,@YourGameOfficial,Your Game,247000.0,Your Boyfriend Fan Game - Your Dearest Boyfriend Demo - All Routes,2026-02-11,2026,12377,2867,https://www.youtube.com/watch?v=wmEq86kmp64,thumbnails/wmEq86kmp64.jpg
pm68yVf5DdU,@LadyLilia,Lady Lilia,74700.0,my insane Remedy plan... 😅 Hear me out! - (ALSO Important Channel Talk),2026-02-18,2026,1976,761,https://www.youtube.com/watch?v=pm68yVf5DdU,thumbnails/pm68yVf5DdU.jpg
LeZASMR52kA,@NintendoAmerica,Nintendo of America,10100000.0,Rocket League – Season 22 Trailer – Nintendo Switch,2026-03-11,2026,25930,94,https://www.youtube.com/watch?v=LeZASMR52kA,thumbnails/LeZASMR52kA.jpg
X1Ap8DiS0yM,@CGInferno,CGInferno,132000.0,Trails Beyond the Horizon 100% Walkthrough Part 12 - Chapter 3 (Van Route 5),2026-01-09,2026,4837,13276,https://www.youtube.com/watch?v=X1Ap8DiS0yM,thumbnails/X1Ap8DiS0yM.jpg
LjD5ZVM-xbs,@hayayabo,ハヤトの野望,1570000.0,素人の手作り海賊船で大海原に出る,2026-05-13,2026,249180,1272,https://www.youtube.com/watch?v=LjD5ZVM-xbs,thumbnails/LjD5ZVM-xbs.jpg
YDiaqq36Ji0,@BrutFR,Brut,,On l'a suivie dans les débuts de sa nouvelle carrière,2026-04-13,2026,16473,501,https://www.youtube.com/watch?v=YDiaqq36Ji0,thumbnails/YDiaqq36Ji0.jpg
gOS_0yhRWb4,@RealKatieB,KatieB,367000.0,We've ALMOST Beat The Backrooms..,2026-02-23,2026,68567,11034,https://www.youtube.com/watch?v=gOS_0yhRWb4,thumbnails/gOS_0yhRWb4.jpg
8rsewjwfsbQ,@gamespot,GameSpot,5680000.0,Marathon - Pre-Order Trailer,2026-01-20,2026,13875,116,https://www.youtube.com/watch?v=8rsewjwfsbQ,thumbnails/8rsewjwfsbQ.jpg
rtTmvythPiE,@rinimt,rinimt,16600.0,Confidential Killings | Full Game Let's Play,2026-04-18,2026,85,15500,https://www.youtube.com/watch?v=rtTmvythPiE,thumbnails/rtTmvythPiE.jpg
dF0sgRsx_ug,@enfant-terrible,ENFANT TERRIBLE,494000.0,EXODUS New Exploration Gameplay | SPACE ACTION RPG Mass Effect Successor coming in 2027,2026-04-09,2026,12682,757,https://www.youtube.com/watch?v=dF0sgRsx_ug,thumbnails/dF0sgRsx_ug.jpg
a0oCV5-c9_0,@BenGun,Ben-Gun,764000.0,SUPER MEAT BOY 3D - All The Wastes Dark World A+ Time Trials | Trophy Guide [4K 60FPS],2026-04-01,2026,759,383,https://www.youtube.com/watch?v=a0oCV5-c9_0,thumbnails/a0oCV5-c9_0.jpg
aC8ae8_9_i0,@ゆっくり戦国史録,ゆっくり戦国解説所,,【ゆっくり解説】徳川埋蔵金が見つからない本当の理由,2026-04-26,2026,1187,1406,https://www.youtube.com/watch?v=aC8ae8_9_i0,thumbnails/aC8ae8_9_i0.jpg
3e_SnqA_cDE,@Bluegymanimation,BlueGym Animation,439000.0,Así crece tu Espalda,2026-03-22,2026,105841,269,https://www.youtube.com/watch?v=3e_SnqA_cDE,thumbnails/3e_SnqA_cDE.jpg
-BDalYexDRQ,@FTReview,FT Review,84300.0,The Ugly Review || The Ugly Movie Review || Faheem Taj,2026-04-07,2026,8199,115,https://www.youtube.com/watch?v=-BDalYexDRQ,thumbnails/-BDalYexDRQ.jpg
q0Eoi_eOs54,@AustinPlays316,Austin Plays,14300.0,Cinema Manager Simulator Demo First Look 🍿 Opening Our Brand New Movie Theater!,2026-02-13,2026,1893,1685,https://www.youtube.com/watch?v=q0Eoi_eOs54,thumbnails/q0Eoi_eOs54.jpg
3dIBDns0sxA,@Nin10doland,Nin10doland,391000.0,This New Info is Making Nintendo Fans VERY Worried...,2026-01-14,2026,17251,694,https://www.youtube.com/watch?v=3dIBDns0sxA,thumbnails/3dIBDns0sxA.jpg
uPEpAkCVpDI,@enfant-terrible,ENFANT TERRIBLE,494000.0,PATHOLOGIC 3 First 1 Hour Gameplay | New SINGLE PLAYER RPG Plague Doctor Horror coming in 2026,2026-01-08,2026,17613,3019,https://www.youtube.com/watch?v=uPEpAkCVpDI,thumbnails/uPEpAkCVpDI.jpg
5d4RXI2VlhQ,@CanalOldGamer,OLD GAMER,14300.0,Demon Lord: Just a Block é MUITO Melhor do que Parece,2026-05-14,2026,177,240,https://www.youtube.com/watch?v=5d4RXI2VlhQ,thumbnails/5d4RXI2VlhQ.jpg
oNJMCIX1GDQ,@ZaruWork,ザルワーク,78300.0,【Nova Roma】洪水にも侵略者にも負けない街づくり #3【ゆっくり実況】,2026-04-04,2026,21248,1012,https://www.youtube.com/watch?v=oNJMCIX1GDQ,thumbnails/oNJMCIX1GDQ.jpg
JjEkONrMi4k,@agp1333,Agp1333,287000.0,ME HE ENAMORADO DEL CHICO RARO DEL SUPERMERCADO 💘 | Broken Colors,2026-03-01,2026,165939,3761,https://www.youtube.com/watch?v=JjEkONrMi4k,thumbnails/JjEkONrMi4k.jpg
tD2K8qHv3wE,@kitandkrysta,Kit & Krysta,111000.0,Ranking Nintendo’s Options for Their Next Big Movie - EP218 Kit & Krysta Podcast,2026-04-16,2026,15479,6959,https://www.youtube.com/watch?v=tD2K8qHv3wE,thumbnails/tD2K8qHv3wE.jpg
EWfi-SBuMKE,@TheKristianHarloff,Kristian Harloff,223000.0,ONE PIECE SEASON 2 EPISODE 5 REACTION!! 2x5 | An Insane Episode!,2026-03-14,2026,8327,2042,https://www.youtube.com/watch?v=EWfi-SBuMKE,thumbnails/EWfi-SBuMKE.jpg
l-gVD2td2rE,@CineResumenAcción,Cine Resumen Acción,10800.0,Un ex Navy SEAL aniquila en solitario a todo un cártel para vengar a su familia,2026-04-16,2026,135095,2554,https://www.youtube.com/watch?v=l-gVD2td2rE,thumbnails/l-gVD2td2rE.jpg
2uY9SWhVTNk,@rickyedit,rickyedit,3570000.0,si gano la partida le doy 3000€ a un viewer (hago trampas),2026-04-03,2026,304513,2866,https://www.youtube.com/watch?v=2uY9SWhVTNk,thumbnails/2uY9SWhVTNk.jpg
s-E8XxfvZLI,@hazardsandcatastrophes,hazards and catastrophes,476000.0,What Does a Modern Queen Actually Do? | Full Documentary,2026-04-07,2026,339,7803,https://www.youtube.com/watch?v=s-E8XxfvZLI,thumbnails/s-E8XxfvZLI.jpg
uhGbd3A0JKw,@YourGameOfficial,Your Game,247000.0,The Amazing Digital Circus Dating Sim - GANGLE Route - ALL ENDINGS  -TADC Fangame,2026-05-04,2026,34778,10999,https://www.youtube.com/watch?v=uhGbd3A0JKw,thumbnails/uhGbd3A0JKw.jpg
pBEz1iGflsY,@OneMediaPlus.,ONE Media +,1360000.0,HOOLIGANS: THE ARCH RACING PROJECT Official Trailer (2026) Keanu Reeves,2026-03-24,2026,334266,72,https://www.youtube.com/watch?v=pBEz1iGflsY,thumbnails/pBEz1iGflsY.jpg
PrO-j_0OTwo,@PlaqueBoyMaxLive,PlaqueBoyMaxLive,1780000.0,I Made A World Cup Song With The Core Boys!,2026-05-13,2026,70864,3693,https://www.youtube.com/watch?v=PrO-j_0OTwo,thumbnails/PrO-j_0OTwo.jpg
Qs7n4F1ZRqI,@HistoryLA,History Latinoamérica,,LOS TESOROS DE DAVE - CAZADORES DE TESOROS,2026-05-19,2026,4166,597,https://www.youtube.com/watch?v=Qs7n4F1ZRqI,thumbnails/Qs7n4F1ZRqI.jpg
9hCsj6ceKR0,@WindWalkTravelVideos,Wind Walk Travel Videos ʬ,238000.0,[4K] San Clemente Beach Pier California USA 2026 Golden Hour Sunset Walking Tour & Travel Guide,2026-01-23,2026,10221,1671,https://www.youtube.com/watch?v=9hCsj6ceKR0,thumbnails/9hCsj6ceKR0.jpg
pIpK36wgVrY,@MagicFlicks,Magic Flicks,768000.0,Married At First Sight Australia Season 13 Is Already Chaos… | Magic Flicks,2026-03-16,2026,2754,1801,https://www.youtube.com/watch?v=pIpK36wgVrY,thumbnails/pIpK36wgVrY.jpg
4NkX1SOV_is,@mdanoticias,MDA Noticias,692000.0,La T y la M anunció NUEVA CANCIÓN para el MUNDIAL 2026,2026-05-19,2026,22377,257,https://www.youtube.com/watch?v=4NkX1SOV_is,thumbnails/4NkX1SOV_is.jpg
9g1cNBlfKQ0,@barriourbano1,Barrio Urbano,881000.0,"Tego Calderon, Anuel, Eladio Carrión - Ustedes Son Unos Falsos Amigos (Official Music Video)",2026-02-22,2026,6615,154,https://www.youtube.com/watch?v=9g1cNBlfKQ0,thumbnails/9g1cNBlfKQ0.jpg
BXDmTFhOr-8,@esRadiovideos,esRadio,856000.0,Una nueva oportunidad de Civislend en Marbella,2026-05-18,2026,206,1171,https://www.youtube.com/watch?v=BXDmTFhOr-8,thumbnails/BXDmTFhOr-8.jpg
zsVOiIlAGBg,@esRadiovideos,esRadio,856000.0,"Al Alimón: Puerta Grande de Fernando Adrián, toreo de Fortes y el regreso de Morante",2026-05-18,2026,5722,741,https://www.youtube.com/watch?v=zsVOiIlAGBg,thumbnails/zsVOiIlAGBg.jpg
vZu9gUX1tTs,@AirplayBeats,Airplay Beats,98100.0,Amy Winehouse - Rehab (REACTION) #amywinehouse #reaction #airplaybeats,2026-02-18,2026,39548,423,https://www.youtube.com/watch?v=vZu9gUX1tTs,thumbnails/vZu9gUX1tTs.jpg
l6d2Uccd4Wg,@GoldenLandMelodies-u3g,Golden Land Melodies,17000.0,ရည်ရွယ်ပြီး I Lo-fi style I Lyrics Video,2026-04-24,2026,1881,185,https://www.youtube.com/watch?v=l6d2Uccd4Wg,thumbnails/l6d2Uccd4Wg.jpg
06iTgpSPwbU,@AngryJoeShow,AngryJoeShow,3240000.0,"AJSN WK14A- Meta & Epic LAYOFFS, Your Router BANNED, Hunter Announced, Supergirl, Starfleet CANCELED",2026-03-30,2026,69215,1660,https://www.youtube.com/watch?v=06iTgpSPwbU,thumbnails/06iTgpSPwbU.jpg
PSoDdA5bxYU,@MetaCreatorChannel,Meta Creator,632000.0,Falling Electric Pole Burns House | DIY Mini Fireproof Cement House Construction Science Project,2026-05-07,2026,12300,574,https://www.youtube.com/watch?v=PSoDdA5bxYU,thumbnails/PSoDdA5bxYU.jpg
gktN4neHD1g,channel/UCg-RkUY5LWy9qL1RBt2y0oA,Lost Relic Games,98500.0,4 WILD Weeks Building My Dream Indie Game (Devlog),2026-02-14,2026,21528,528,https://www.youtube.com/watch?v=gktN4neHD1g,thumbnails/gktN4neHD1g.jpg
RTAXAh4Z8Ec,@AlphaBolt,AlphaBolt,1140000.0,*NEW* ALL WORKING CODES FOR ALL STAR TOWER DEFENSE IN 2026! ROBLOX ALL STAR TOWER DEFENSE CODES,2026-04-07,2026,4257,485,https://www.youtube.com/watch?v=RTAXAh4Z8Ec,thumbnails/RTAXAh4Z8Ec.jpg
g-6-FQU2l38,channel/UCmKm7HJdOfkWLyml-fzKlVg,Afrojack,2600000.0,14.1 Wall Pro Academy - Track breakdown ID,2026-04-22,2026,894,1178,https://www.youtube.com/watch?v=g-6-FQU2l38,thumbnails/g-6-FQU2l38.jpg
_osUWkQzcKk,@DecoraciónconEstilo1,Decoración con Estilo,259.0,MEJORES TENDENCIAS de DECORACIÓN para tu COCINA en 2026,2026-04-21,2026,9217,874,https://www.youtube.com/watch?v=_osUWkQzcKk,thumbnails/_osUWkQzcKk.jpg
QFPGcw-YkwA,@VismaiFood,Vismai Food,4990000.0,ఈ కూర ఒక్కసారి చేస్తే మళ్లీ మళ్లీ చేస్తారు | Chapati Poori కి పర్ఫెక్ట్ కూర | Aratikaya Batani Curry,2026-01-26,2026,101933,203,https://www.youtube.com/watch?v=QFPGcw-YkwA,thumbnails/QFPGcw-YkwA.jpg
aXgMG8GPV2E,@PARTHEDUCATION,PARTH EDUCATION,1030000.0,Iran vs Israel vs USA Full War News | Is World War 3 About to Begin? | Middle East Crisis Explained,2026-02-28,2026,1443,758,https://www.youtube.com/watch?v=aXgMG8GPV2E,thumbnails/aXgMG8GPV2E.jpg
V21JZpkodcA,@dabbleandtravel,Dabble and Travel,633000.0,"Heaven On Earth, PHILIPPINES 🇵🇭 Romblon, The New BORACAY? (Bon Bon)",2026-04-27,2026,327749,2575,https://www.youtube.com/watch?v=V21JZpkodcA,thumbnails/V21JZpkodcA.jpg
0vnIEQxnCds,@HollowPoiint,Hollow,5160000.0,Windrose - An Incredible New Pirate Survival Game,2026-02-23,2026,185668,3287,https://www.youtube.com/watch?v=0vnIEQxnCds,thumbnails/0vnIEQxnCds.jpg
QMjyx1V231c,channel/UCPix8N6PMRI4KzgyjuZeF0g,Fahd Mirza,398000.0,Lossless-Claw: Infinite Memory for Your OpenClaw - Run Locally with Ollama and GLM,2026-03-17,2026,4760,808,https://www.youtube.com/watch?v=QMjyx1V231c,thumbnails/QMjyx1V231c.jpg
A2Xc9cHdzf0,@TheDailyShow,The Daily Show,13800000.0,"Patel Snorkels at Pearl Harbor, Judge Mogs Clavicular & Colbert Exiting ""Late Show"" | The Daily Show",2026-05-18,2026,80496,2207,https://www.youtube.com/watch?v=A2Xc9cHdzf0,thumbnails/A2Xc9cHdzf0.jpg
GBjIDmyxOjo,@RealKatieB,KatieB,367000.0,I Confronted PrimatePaige Before My Boxing Match..,2026-01-28,2026,15677,1279,https://www.youtube.com/watch?v=GBjIDmyxOjo,thumbnails/GBjIDmyxOjo.jpg
GyTnyfTn2VA,@SLICEHistory,SLICE History,275000.0,Das Reich: The SS Division That Terrorized France After D-Day I SLICE HISTORY | FULL DOCUMENTARY,2026-01-11,2026,62471,2624,https://www.youtube.com/watch?v=GyTnyfTn2VA,thumbnails/GyTnyfTn2VA.jpg
RygRY5xTa6c,@JsVibesMusic,JsVibes Music,56500.0,Top Hits Playlist 2026💞|| Positive Vibes Music -- Chill Vibes English Songs 2026,2026-02-09,2026,93028,7995,https://www.youtube.com/watch?v=RygRY5xTa6c,thumbnails/RygRY5xTa6c.jpg
MtTHebs4dtI,@honeysuckle,Honeysuckle,1830000.0,I Tested TikTok DESSERT Recipes that SHOULD NOT EXIST!,2026-04-25,2026,405582,1139,https://www.youtube.com/watch?v=MtTHebs4dtI,thumbnails/MtTHebs4dtI.jpg
qBMdYbjZtdU,@Sam_tyler_,Sam Tyler ,98600.0,Beautiful couple move to Thailand! - Inside their $580 month Condo,2026-04-01,2026,59228,2106,https://www.youtube.com/watch?v=qBMdYbjZtdU,thumbnails/qBMdYbjZtdU.jpg
VZ3i4xvhD9Y,@olenastarodubets,Olena Starodubets,,Glúteos Isolados e Trabalhados - Treino Pesado SEM Agachamentos | GF6 – Treino 5,2026-02-06,2026,132722,2655,https://www.youtube.com/watch?v=VZ3i4xvhD9Y,thumbnails/VZ3i4xvhD9Y.jpg
_qoBnV0nh5w,channel/UC9ESQKs98jVWjjUEWkvTMvA,WsCube Cyber Security,437000.0,Cyber Security for Beginners | Fundamental Course in 1 Video,2026-04-04,2026,8120,2195,https://www.youtube.com/watch?v=_qoBnV0nh5w,thumbnails/_qoBnV0nh5w.jpg
cVGSx5623Nc,@ShaniaAndEddie,Shania and Eddie,67600.0,Australian Couple React To DHURANDHAR Song (DESTINY - MANN ATKEYA),2026-05-07,2026,152268,343,https://www.youtube.com/watch?v=cVGSx5623Nc,thumbnails/cVGSx5623Nc.jpg
ASi-wARIAQM,@lacasadelacomedia,La casa de la Comedia,916000.0,Batman y el Chapulín se enfrentan al Chiki Joker,2026-01-23,2026,221260,3412,https://www.youtube.com/watch?v=ASi-wARIAQM,thumbnails/ASi-wARIAQM.jpg
-rPPN9I9zko,@DRAGBOX,DRAGBOX,,Esse é o MELHOR HAMBÚRGUER do BRASIL: Será?,2026-04-26,2026,122693,1859,https://www.youtube.com/watch?v=-rPPN9I9zko,thumbnails/-rPPN9I9zko.jpg
Vz1dO9bvEhM,@NewFriendz,New Friendz Dance Tv,,SOMEONE LIKE YOU ( NF Remix ) - Ziggy | Salsa | Dance Fitness | Newfriendz,2026-03-25,2026,53473,215,https://www.youtube.com/watch?v=Vz1dO9bvEhM,thumbnails/Vz1dO9bvEhM.jpg
B_YUqtCLE_w,@MALIREVIEWS,MALI REVIEWS,,2026 මේ මාසයේ අලුතින්ම රිලීස් වුන ධනුෂ්කේ සුපිරිම මූවි එක 😱🎬 Movie Review in Sinhala | MALI Reviews,2026-05-19,2026,31138,2528,https://www.youtube.com/watch?v=B_YUqtCLE_w,thumbnails/B_YUqtCLE_w.jpg
mo4Dwz_R4lA,@ElHolandesErrantesp,El Holandes Errante,17500.0,Este tower defense te obliga a DIBUJAR RUNAS… y es adictivo | Runeomicon,2026-02-23,2026,42,499,https://www.youtube.com/watch?v=mo4Dwz_R4lA,thumbnails/mo4Dwz_R4lA.jpg
9u_iOgEy5u4,channel/UCbA1eOkmGA6uFQwmvacInkQ,Aarzoo Khaan,93400.0,Apno Se Hara Hun – Aarzoo Khaan | Emotional Hindi Sad Song | New Song 2026 | Arijit Singh Vibe,2026-05-04,2026,5258,380,https://www.youtube.com/watch?v=9u_iOgEy5u4,thumbnails/9u_iOgEy5u4.jpg
iwayfLYV4VE,@AustinPlays316,Austin Plays,14300.0,Massive Restaurant Upgrade in Snow Resort Simulator! 🍽️ Ultimate Ski Resort Expansion Part 6,2026-05-03,2026,539,1890,https://www.youtube.com/watch?v=iwayfLYV4VE,thumbnails/iwayfLYV4VE.jpg
MkMPYq757Ac,@lacasadelacomedia,La casa de la Comedia,916000.0,"Michael Jackson , Shakira y Axel Rose en Yo creo que soy",2026-04-29,2026,193674,2268,https://www.youtube.com/watch?v=MkMPYq757Ac,thumbnails/MkMPYq757Ac.jpg
Byj8x94M59k,@NuitsdeSavoir,Nuits de Savoir,,Akbar : l'empereur qui refusa de choisir entre les religions | Histoire pour Dormir,2026-03-21,2026,3210,3565,https://www.youtube.com/watch?v=Byj8x94M59k,thumbnails/Byj8x94M59k.jpg
mI7n1W_lOds,@3CFilms,3C Films,,Spider-Man Brand New Day Trailer Details Revealed,2026-02-07,2026,191324,747,https://www.youtube.com/watch?v=mI7n1W_lOds,thumbnails/mI7n1W_lOds.jpg
nfZn2qBaZgg,@afreendastarkhwan,Afreen Dastarkhwan,138000.0,Fruit Cream Dessert बाजार जैसा बनाएं अब घर पे | Masoor Dal Vegetable Pakoda | Ramadan Iftar Special,2026-02-26,2026,24785,1582,https://www.youtube.com/watch?v=nfZn2qBaZgg,thumbnails/nfZn2qBaZgg.jpg
88Ym9SCKFpc,@NintendoAmerica,Nintendo of America,10100000.0,Nintendo Direct: Partner Showcase 2.5.2026,2026-02-05,2026,1134585,1893,https://www.youtube.com/watch?v=88Ym9SCKFpc,thumbnails/88Ym9SCKFpc.jpg
Y9myLzU1zUY,@retokani,レトルト,2610000.0,『　🌞　』,2026-03-23,2026,260249,6035,https://www.youtube.com/watch?v=Y9myLzU1zUY,thumbnails/Y9myLzU1zUY.jpg
XQuTfEffiM4,@CellbitVODS,Cellbit VODS,339000.0,eu finalmente tive a minha VINGANÇA contra o LEVIATHAN,2026-05-10,2026,135491,9396,https://www.youtube.com/watch?v=XQuTfEffiM4,thumbnails/XQuTfEffiM4.jpg
-YkpOpE-mns,channel/UCsDXXCoXaS-wO1Wnnt_LM3A,CenteIA Education,113000.0,Skills en ChatGPT | Automatiza tu trabajo y tareas repetitivas,2026-05-10,2026,1372,1559,https://www.youtube.com/watch?v=-YkpOpE-mns,thumbnails/-YkpOpE-mns.jpg
Yvinv1lSwHw,channel/UCbA1eOkmGA6uFQwmvacInkQ,Aarzoo Khaan,93400.0,Aankho Me Utar Jata Hai – Aarzoo Khaan | Hindi Sad Song | New Song 2026 | Arijit Singh Vibe,2026-03-13,2026,16530,316,https://www.youtube.com/watch?v=Yvinv1lSwHw,thumbnails/Yvinv1lSwHw.jpg
iUiJnmNmW1w,@Gameskeysnet,Gameskeys,83000.0,Highly Anticipated Single-Player Games Coming Soon,2026-01-09,2026,2070,2782,https://www.youtube.com/watch?v=iUiJnmNmW1w,thumbnails/iUiJnmNmW1w.jpg
82xYXKTqZdU,channel/UCPix8N6PMRI4KzgyjuZeF0g,Fahd Mirza,398000.0,MiniMax M2.7 + OpenClaw — AI That Helped Build Itself with Token Plan,2026-03-19,2026,36306,625,https://www.youtube.com/watch?v=82xYXKTqZdU,thumbnails/82xYXKTqZdU.jpg
HZfP91VUUNI,@BenGun,Ben-Gun,764000.0,ASTRO BOT PS5 - Full Game 100% Platinum Walkthrough,2026-05-16,2026,13060,39958,https://www.youtube.com/watch?v=HZfP91VUUNI,thumbnails/HZfP91VUUNI.jpg
B9gXAMTORts,@splice,Splice,1660000.0,"""Kris Bowers Interview: Bringing Film Scoring to Sampling (Wild Robot, Bridgerton)""",2026-02-20,2026,165224,1230,https://www.youtube.com/watch?v=B9gXAMTORts,thumbnails/B9gXAMTORts.jpg
6VI_5e9r8Kk,@EasyQuickRecipes,Easy Quick Recipes,235000.0,Moist Chocolate Cake Recipe - Black Forest Cake Type! Easy Quick Recipes,2026-01-28,2026,6969,303,https://www.youtube.com/watch?v=6VI_5e9r8Kk,thumbnails/6VI_5e9r8Kk.jpg
6UpFl4r4Uc4,@agp1333,Agp1333,287000.0,HA VUELTO MI NOVIA TÓXICA Y VIRTUAL 😱 | MiSide: Zero (en ESPAÑOL),2026-01-15,2026,15297,2284,https://www.youtube.com/watch?v=6UpFl4r4Uc4,thumbnails/6UpFl4r4Uc4.jpg
VaZVedphlAc,@TheHiddenLevels,The Hidden Levels,11900.0,Word Quest Pirates 100% Achievement Walkthrough * 1000GS in 2-3 Minutes *,2026-03-14,2026,202,106,https://www.youtube.com/watch?v=VaZVedphlAc,thumbnails/VaZVedphlAc.jpg
R6hQmoioRjo,@EurovisionSongContest,Eurovision Song Contest,7830000.0,Daniel Zizka - Amar Pelos Dois (Salvador Sobral Cover) | Czechia 🇨🇿 | #EurovisionALBM,2026-04-29,2026,41364,187,https://www.youtube.com/watch?v=R6hQmoioRjo,thumbnails/R6hQmoioRjo.jpg
fYEyNXtw7I4,@StaceyRPGReacts,StaceyRPG ,371000.0,"RAW & REAL!!! First Time Reaction to ABBA - ""Knowing Me, Knowing You""",2026-05-12,2026,50786,734,https://www.youtube.com/watch?v=fYEyNXtw7I4,thumbnails/fYEyNXtw7I4.jpg
TgfvEQVdga8,channel/UCbskrcf8Mtkes437sdA3GcQ,SyntaxGTM (Tom Granot),137000.0,I Let an AI Agent Market My Product — Here's What Happened (polsia.com) 🤖,2026-03-02,2026,5491,265,https://www.youtube.com/watch?v=TgfvEQVdga8,thumbnails/TgfvEQVdga8.jpg
mXytq5exXto,@anko_channel,あんこ映画チャンネル,,あんこに連れて行かれて観た困惑映画ベスト3を発表されました,2026-03-21,2026,1765,1612,https://www.youtube.com/watch?v=mXytq5exXto,thumbnails/mXytq5exXto.jpg
Vkuioy6UZM4,@ajimurachannel,ajimura channel,27900.0,夜空に光る灯火と賢者の魔法使い【魔法使いの約束】#8,2026-03-19,2026,915,2136,https://www.youtube.com/watch?v=Vkuioy6UZM4,thumbnails/Vkuioy6UZM4.jpg
38ddRKF5FcQ,@VeoPR,VeoPR,42600.0,Insultos entre abogadas y fiscales en caso de ANTHONIESKA | Sylvia Hernández | 29 abril 2026,2026-04-29,2026,4119,316,https://www.youtube.com/watch?v=38ddRKF5FcQ,thumbnails/38ddRKF5FcQ.jpg
kMziBiJbzmw,@SrBaityBait,BaityBait,1440000.0,¿Por qué se TRADUCEN MAL los VIDEOJUEGOS?,2026-04-14,2026,761027,1439,https://www.youtube.com/watch?v=kMziBiJbzmw,thumbnails/kMziBiJbzmw.jpg
8h9poMX7l_4,@yogiboltahai,YOGI BOLTA HAI,,Chatha Pacha: The Ring of Rowdies Movie Review | Yogi Bolta Hai,2026-01-22,2026,269654,184,https://www.youtube.com/watch?v=8h9poMX7l_4,thumbnails/8h9poMX7l_4.jpg
GDVEbKgnFLY,@Dani4x,The games play,56200.0,Full Body workout At home 🏡 Every morning 🏡 🌄 days #fitness #Dani4x fitness,2026-03-02,2026,920,176,https://www.youtube.com/watch?v=GDVEbKgnFLY,thumbnails/GDVEbKgnFLY.jpg
7PqBLygmlUM,@penguinz0,penguinz0,,He Finally Got Sentenced,2026-04-14,2026,2713361,606,https://www.youtube.com/watch?v=7PqBLygmlUM,thumbnails/7PqBLygmlUM.jpg
4YmGkQoCHlo,@ItalianBach,ItalianBach,1370000.0,VALENTINE'S DAY CRINGE,2026-02-17,2026,499950,1664,https://www.youtube.com/watch?v=4YmGkQoCHlo,thumbnails/4YmGkQoCHlo.jpg
n7lW9MgnEzw,@48hours,48 Hours,2450000.0,The Root Beer Float Murder | Post Mortem,2026-04-11,2026,12274,1305,https://www.youtube.com/watch?v=n7lW9MgnEzw,thumbnails/n7lW9MgnEzw.jpg
LxsWZJ41Udg,@SliceDoku,Slice Doku,,Kubakrokodil: der Kampf gegen das verschwinden | Slice Doku,2026-04-25,2026,864,3045,https://www.youtube.com/watch?v=LxsWZJ41Udg,thumbnails/LxsWZJ41Udg.jpg
5sT8JQv_Qtw,@CupcakeAisyah,Cupcake Aisyah,,selling the merch online!!! | january diaries 💌,2026-01-12,2026,67864,1931,https://www.youtube.com/watch?v=5sT8JQv_Qtw,thumbnails/5sT8JQv_Qtw.jpg
ixQI-_atnR4,@d-angelo.,D'Angelo,,timothée chalamet's downfall era was kind of inevitable tbh,2026-03-13,2026,587436,1436,https://www.youtube.com/watch?v=ixQI-_atnR4,thumbnails/ixQI-_atnR4.jpg
oP8R8QULqzw,@Nin10doland,Nin10doland,391000.0,"Nintendo, Do NOT Give Us This Switch 2 Game...",2026-03-23,2026,49645,616,https://www.youtube.com/watch?v=oP8R8QULqzw,thumbnails/oP8R8QULqzw.jpg
9Cs17UNoRBQ,@MoviesAndMunchies,Movies And Munchies,82000.0,Project Hail Mary (2026) Movie Review,2026-03-19,2026,12875,408,https://www.youtube.com/watch?v=9Cs17UNoRBQ,thumbnails/9Cs17UNoRBQ.jpg
9WjVHxutHdQ,@Chilevision,Chilevisión,4230000.0,VALE ROTH - URBANO 💃 NOCHE DE ELIMINACIÓN ✨ Fiebre de Baile 2,2026-05-17,2026,16684,669,https://www.youtube.com/watch?v=9WjVHxutHdQ,thumbnails/9WjVHxutHdQ.jpg
IBl0ufQ1Dh8,@afreendastarkhwan,Afreen Dastarkhwan,138000.0,Chalo Mumbai Chale | Ajmer To Mumbai Train Journey | Bahot Thandi Hai Ajmer Me ❄️ | Vlog 2026,2026-01-10,2026,32484,1663,https://www.youtube.com/watch?v=IBl0ufQ1Dh8,thumbnails/IBl0ufQ1Dh8.jpg
4vU6zADOkdo,@StaceyRPGReacts,StaceyRPG ,371000.0,"WHAT A JAM!! First Time Reaction to The Police - ""Roxanne""",2026-05-17,2026,28931,559,https://www.youtube.com/watch?v=4vU6zADOkdo,thumbnails/4vU6zADOkdo.jpg
vaZh2q7pYbw,@MetaCreatorChannel,Meta Creator,632000.0,How to Build a Solid DIY Concrete Roof Project | Roof was Damaged by Earthquake,2026-05-01,2026,17836,609,https://www.youtube.com/watch?v=vaZh2q7pYbw,thumbnails/vaZh2q7pYbw.jpg
jB8kseWlDk4,@supereasyrecipe,Super Easy Recipes,149000.0,"One 5 lb. Pack of Beef, 5 Different Meals: Never Eat the Same Meal Twice!",2026-02-19,2026,13083,1691,https://www.youtube.com/watch?v=jB8kseWlDk4,thumbnails/jB8kseWlDk4.jpg
pC80xxvEob8,@LeeshBrock,Leesh Brock,22400.0,"life update 2026 | moving to london, locking in, brand deals + current favourites💅🏽",2026-03-15,2026,1760,727,https://www.youtube.com/watch?v=pC80xxvEob8,thumbnails/pC80xxvEob8.jpg
aU9ypf7Jm4I,channel/UCbA1eOkmGA6uFQwmvacInkQ,Aarzoo Khaan,93400.0,Mere Naseeb Me Nhi | Emotional Hindi Sad Song | Aarzoo Khaan | New Song 2026 | Arijit Singh Vibe,2026-01-29,2026,278704,387,https://www.youtube.com/watch?v=aU9ypf7Jm4I,thumbnails/aU9ypf7Jm4I.jpg
0VUnDzVgZRA,@Chilevision,Chilevisión,4230000.0,¿CUÁNTO VALE EL SHOW? 🤩💵 CAPÍTULO 135,2026-05-13,2026,5167,3751,https://www.youtube.com/watch?v=0VUnDzVgZRA,thumbnails/0VUnDzVgZRA.jpg
TVW-tCQhG8g,@Crime360ByAE,Crime 360,194000.0,Live PD: Police Patrol — Community Helps Police Capture Man After Car & Foot Pursuit | Crime 360,2026-04-01,2026,3243,283,https://www.youtube.com/watch?v=TVW-tCQhG8g,thumbnails/TVW-tCQhG8g.jpg
NgWhNMRc5-I,channel/UCmKm7HJdOfkWLyml-fzKlVg,Afrojack,2600000.0,10 Wall Pro Academy - Messing up? Don't think about quitting!,2026-04-22,2026,614,455,https://www.youtube.com/watch?v=NgWhNMRc5-I,thumbnails/NgWhNMRc5-I.jpg
blnW-wV6nGE,@AustinPlays316,Austin Plays,14300.0,I Went BROKE Adding New Products in Megastore Simulator… Was It Worth It?! Part 6,2026-01-17,2026,2485,1850,https://www.youtube.com/watch?v=blnW-wV6nGE,thumbnails/blnW-wV6nGE.jpg
rSFezbQRegY,@qricorecetas,Q'Rico recetas,685000.0,Nadie imagina lo rica que queda esta ensalada cremosa de papa y atún con pocos ingredientes 🥔,2026-03-13,2026,13240,244,https://www.youtube.com/watch?v=rSFezbQRegY,thumbnails/rSFezbQRegY.jpg
pf1Y8au7gek,channel/UCPix8N6PMRI4KzgyjuZeF0g,Fahd Mirza,398000.0,Run HiDream-O1-Image Locally with ComfyUI,2026-05-17,2026,864,1010,https://www.youtube.com/watch?v=pf1Y8au7gek,thumbnails/pf1Y8au7gek.jpg
XRWwBBc-oqM,@miamigodinero,Germán - Mi Amigo Dinero,294000.0,⚠️ Cuenta NU tiene CAMBIOS EN CONTRATO importantes!,2026-02-27,2026,130578,573,https://www.youtube.com/watch?v=XRWwBBc-oqM,thumbnails/XRWwBBc-oqM.jpg
-rLEO_uFGJs,@Wish050,Make a wish 𐀔 !,10700.0,CÓMO VERTE ARREGLADA Y LIMPIA EN LA ESCUELA (HÁBITOS REALES),2026-02-03,2026,1945,169,https://www.youtube.com/watch?v=-rLEO_uFGJs,thumbnails/-rLEO_uFGJs.jpg
jicyEmR3h5c,@uszw,牛沢,1830000.0,こんなんお父に見せてやりたすぎるだろ…【Ghost of Yōtei】＃９,2026-01-29,2026,277559,2174,https://www.youtube.com/watch?v=jicyEmR3h5c,thumbnails/jicyEmR3h5c.jpg
UNOHdyhjMyg,@InvestYadnya,Yadnya Investment Academy,937000.0,"Daily Stock Market News(Mar 11, 2026): US-Iran War Impact, LPG Crisis & RBI Action",2026-03-10,2026,15852,1336,https://www.youtube.com/watch?v=UNOHdyhjMyg,thumbnails/UNOHdyhjMyg.jpg
aeSZWQLTR3A,@miamigodinero,Germán - Mi Amigo Dinero,294000.0,El Orden PERFECTO para MAXEAR estas 8 inversiones!,2026-04-16,2026,99864,768,https://www.youtube.com/watch?v=aeSZWQLTR3A,thumbnails/aeSZWQLTR3A.jpg
-ytlNIHcAhY,channel/UCC_dG12eHDmDLIPSz39EYOA,Weaver Beats,74100.0,Plugins Are Getting WEIRD...,2026-05-19,2026,6816,1102,https://www.youtube.com/watch?v=-ytlNIHcAhY,thumbnails/-ytlNIHcAhY.jpg
3uZOAouMnLU,@eltrece,eltrece,14600000.0,Pergolini atendió con la misma bala a Rada y Wanda Nara luego de los Martín Fierro,2026-05-19,2026,34707,85,https://www.youtube.com/watch?v=3uZOAouMnLU,thumbnails/3uZOAouMnLU.jpg
2KCYaHBBTsQ,@StaceyRPGReacts,StaceyRPG ,371000.0,"HAUNTINGLY GORGEOUS!! First Time Reaction to Sinéad O’Connor - ""Nothing Compares 2 U""",2026-01-17,2026,132685,864,https://www.youtube.com/watch?v=2KCYaHBBTsQ,thumbnails/2KCYaHBBTsQ.jpg
RajYy1oLKoM,@NintendoAmerica,Nintendo of America,10100000.0,Turok: Origins – Nintendo Direct: Partner Showcase 2.5.2026,2026-02-05,2026,125295,74,https://www.youtube.com/watch?v=RajYy1oLKoM,thumbnails/RajYy1oLKoM.jpg
PN1jBYUgB-Y,channel/UCmKm7HJdOfkWLyml-fzKlVg,Afrojack,2600000.0,4.2 Wall Pro Academy - Events,2026-04-22,2026,1060,128,https://www.youtube.com/watch?v=PN1jBYUgB-Y,thumbnails/PN1jBYUgB-Y.jpg
EzSrZFAhiH4,@barriourbano1,Barrio Urbano,881000.0,"Ozuna, Cazzu - No Le Rueges Por amor (Official Music Video)",2026-03-31,2026,474960,132,https://www.youtube.com/watch?v=EzSrZFAhiH4,thumbnails/EzSrZFAhiH4.jpg
wUxleyygRjQ,@uszw,牛沢,1830000.0,今ちょうど自爆してみたかったんだよな～【ぽこ あ ポケモン】＃１２,2026-05-03,2026,245209,2293,https://www.youtube.com/watch?v=wUxleyygRjQ,thumbnails/wUxleyygRjQ.jpg
ZJxI_RTQcB8,@TheCookingFoodie,The Cooking Foodie,3290000.0,Easy Chili Con Carne (One Pot & So Flavorful) | Best Chili Recipe,2026-04-07,2026,9854,247,https://www.youtube.com/watch?v=ZJxI_RTQcB8,thumbnails/ZJxI_RTQcB8.jpg
P3aIJRvzir0,@OneMediaPlus.,ONE Media +,1360000.0,SGT HAANE Official Trailer (2026),2026-03-30,2026,2600,98,https://www.youtube.com/watch?v=P3aIJRvzir0,thumbnails/P3aIJRvzir0.jpg
iNqNqsxu5AI,@JsVibesMusic,JsVibes Music,56500.0,🩵Top Pop Songs 2026 ~ 🐻Trending Spotify Playlist 2026|| Healing English Songs -- Slow Acoustic Music,2026-05-16,2026,2168,5569,https://www.youtube.com/watch?v=iNqNqsxu5AI,thumbnails/iNqNqsxu5AI.jpg
unaN2KjZbMM,@GoldenLandMelodies-u3g,Golden Land Melodies,17000.0,မင်းအတွက်ဆိုရင် I Duet Style I Lyrics Video,2026-04-30,2026,35742,271,https://www.youtube.com/watch?v=unaN2KjZbMM,thumbnails/unaN2KjZbMM.jpg
RyH9d0bljf8,@DIYWoodworkingProjects3489,DIY Woodworking Projects,589000.0,The Most Unique Table Design I've Ever Made // The Result Will Surprise Everyone Who Sees It,2026-03-05,2026,4143,1407,https://www.youtube.com/watch?v=RyH9d0bljf8,thumbnails/RyH9d0bljf8.jpg
8Xd4WVoDZ5Y,@marcelpaa,Einfach Backen - Marcel Paa,,Aroma-Explosion! So verändern 60 Stunden Gärung deinen Brotteig - Die knusprigsten 60 Std. Brötchen,2026-04-15,2026,80514,411,https://www.youtube.com/watch?v=8Xd4WVoDZ5Y,thumbnails/8Xd4WVoDZ5Y.jpg
qb5Bf-ek-BM,@IlloJuan_,IlloJuan,2820000.0,¿¡ESTE MONSTRUO EXISTIÓ?! 🧬 - SUBNAUTICA #4,2026-02-24,2026,648657,19126,https://www.youtube.com/watch?v=qb5Bf-ek-BM,thumbnails/qb5Bf-ek-BM.jpg
o33Pz48yNAU,@MALIREVIEWS,MALI REVIEWS,,අභිරහස් රැසකින් පිරුණු නිත්‍යාගේ ජීවිතය 😱🎬 Movie Review in Sinhala | MALI Reviews,2026-05-08,2026,35444,1659,https://www.youtube.com/watch?v=o33Pz48yNAU,thumbnails/o33Pz48yNAU.jpg
A5nAMutS3xU,@tiomarcoresumenes,Marco,581000.0,🌍(1-12) NIÑA MALDITA ES EXPULSADA DE SU ALDEA Y SE HACE LA MÁS FUERTE,2026-03-19,2026,65718,6652,https://www.youtube.com/watch?v=A5nAMutS3xU,thumbnails/A5nAMutS3xU.jpg
flCnh4Qixt8,@48hours,48 Hours,2450000.0,The Girl from Wahoo | Full Episode,2026-02-20,2026,1079894,2522,https://www.youtube.com/watch?v=flCnh4Qixt8,thumbnails/flCnh4Qixt8.jpg
x4I_vyN_tjI,@splice,Splice,1660000.0,Splice Sounds Plugin: First Look & Full Breakdown,2026-04-15,2026,1068303,413,https://www.youtube.com/watch?v=x4I_vyN_tjI,thumbnails/x4I_vyN_tjI.jpg
2zriiO7AGqQ,@cbc_3puncooking,キユーピー3分クッキング【CBCテレビ公式】,,焦がしいんげんと豚肉のバターじょうゆ炒め（2026年5月7日放送）【３分クッキング公式】,2026-05-06,2026,7874,389,https://www.youtube.com/watch?v=2zriiO7AGqQ,thumbnails/2zriiO7AGqQ.jpg
2rKMS9G-sI0,@cuetadda247,Adda247 CUET,1400000.0,"All About CUET 2027 Science Domain | Exam Pattern, Syllabus, Courses",2026-05-09,2026,1598,913,https://www.youtube.com/watch?v=2rKMS9G-sI0,thumbnails/2rKMS9G-sI0.jpg
mPR8C8w6VlE,@FTReview,FT Review,84300.0,Twisted Review || Twisted (2026) Movie Review || Faheem Taj,2026-02-11,2026,15414,109,https://www.youtube.com/watch?v=mPR8C8w6VlE,thumbnails/mPR8C8w6VlE.jpg
8XMkgxjJl_Y,@tiomarcoresumenes,Marco,581000.0,"🌍(1-4) DESPERTÓ COMO HÉROE EN UN MUNDO CONGELADO, DONDE LA HUMANIDAD YA NO EXISTE",2026-04-24,2026,59198,2288,https://www.youtube.com/watch?v=8XMkgxjJl_Y,thumbnails/8XMkgxjJl_Y.jpg
ZUnYSBgAQCw,@JoeBartGames,Joe Bart Games,1930000.0,WE ARE TRAINING THE ZOMBIES NOW? {Quarantine Zone 3/4],2026-02-01,2026,349194,4666,https://www.youtube.com/watch?v=ZUnYSBgAQCw,thumbnails/ZUnYSBgAQCw.jpg
Z0upqdokNR0,@RashidFarooquiVlogs,Rashid Farooqui Vlogs,38000.0,Mahim Ki Viral Footwear Shop 🔥 Eid 2026 Footwear Collection | Men Women Kids,2026-03-14,2026,1982,1846,https://www.youtube.com/watch?v=Z0upqdokNR0,thumbnails/Z0upqdokNR0.jpg
1lx1TJVuwm0,@kaijuanim,KAIJU,533000.0,🌎REENCARNÓ como un DRAGÓN BEBE pero TERMINA EVOLUCIONANDO en un MONSTRUO de RANGO S (1-6),2026-02-15,2026,152820,4170,https://www.youtube.com/watch?v=1lx1TJVuwm0,thumbnails/1lx1TJVuwm0.jpg
PpptgxaJZ3o,@einfachbacken,Einfach Backen,,"Apfelbrot 🍎 ✨ | Saftig, fruchtig & einfach gebacken | Einfach Backen",2026-03-10,2026,2659,205,https://www.youtube.com/watch?v=PpptgxaJZ3o,thumbnails/PpptgxaJZ3o.jpg
d_SNateasNw,@deepspacematt3333,DeepSpaceMatt,11700.0,LOSING MY SANITY WHILE REPAIRING BOATS! Sunken Engine,2026-01-18,2026,719,4002,https://www.youtube.com/watch?v=d_SNateasNw,thumbnails/d_SNateasNw.jpg
9PkRZqnEakI,@Universo_Explicado_Oficial,Universo Explicado Oficial,,La mujer que descubrió de qué están hechas las estrellas… y nadie le creyó 🌟 | Cecilia Payne,2026-03-07,2026,893,182,https://www.youtube.com/watch?v=9PkRZqnEakI,thumbnails/9PkRZqnEakI.jpg
B4IZ8OmNao8,@Molusqueti,Molusqueti,740000.0,A LINHA DO TEMPO ALTERNATIVA - Life is Strange Remastered #7,2026-03-09,2026,455,4067,https://www.youtube.com/watch?v=B4IZ8OmNao8,thumbnails/B4IZ8OmNao8.jpg
Km1JIDr_tic,@JoeBartGames,Joe Bart Games,1930000.0,Is Support The Easiest Gaming Role?,2026-05-10,2026,165404,6438,https://www.youtube.com/watch?v=Km1JIDr_tic,thumbnails/Km1JIDr_tic.jpg
1gmkPg_ItVc,@fgw,fgw,13300.0,NIOH 3 Gameplay Walkthrough Part 5 [END] (PC 4K 60FPS) - No Commentary,2026-02-15,2026,49,24729,https://www.youtube.com/watch?v=1gmkPg_ItVc,thumbnails/1gmkPg_ItVc.jpg
kwd-0bm8c4s,@agp1333,Agp1333,287000.0,HE ARRUINADO LA BODA DE MI AMIGA | Married in Red (TODOS LOS FINALES en ESPAÑOL),2026-01-22,2026,27932,2015,https://www.youtube.com/watch?v=kwd-0bm8c4s,thumbnails/kwd-0bm8c4s.jpg
1CaSpeLsuO8,@WorkOutLikeADancer,Work Out Like A Dancer,315000.0,IT'S A HEARTACHE | ZUMBA | DANCE WORKOUT,2026-01-06,2026,7877,161,https://www.youtube.com/watch?v=1CaSpeLsuO8,thumbnails/1CaSpeLsuO8.jpg
YWwe3_kTFwE,@HISTORY,HISTORY,15300000.0,Playtime Peril: How Were These Toys Legal?! | Hazardous History (S2),2026-05-04,2026,11381,488,https://www.youtube.com/watch?v=YWwe3_kTFwE,thumbnails/YWwe3_kTFwE.jpg
jTlp9QQdHuQ,@ForeverNenaa,Forever Nenaa,3190000.0,Is Dyle going to SAVE us from DANDY?! | Dandy's World Theory [Reaction],2026-04-13,2026,92353,1317,https://www.youtube.com/watch?v=jTlp9QQdHuQ,thumbnails/jTlp9QQdHuQ.jpg
aYPtJdJ2iwk,@Malviyaacademy1.0,Malviya Academy ,675000.0,NCET ITEP 2026 Application Form Filling Process 📝 Step by Step Process @NCETBEDMalviyaAcademy,2026-02-16,2026,25715,1609,https://www.youtube.com/watch?v=aYPtJdJ2iwk,thumbnails/aYPtJdJ2iwk.jpg
gpbnIpQOu0Y,@ancestralsupervivencia,Cocina de Supervivencia,13200.0,"La Carne en Tarro Olvidada de la Segunda Guerra. Una Tarde de Trabajo, Dos Años de Comida Real.",2026-04-08,2026,810,731,https://www.youtube.com/watch?v=gpbnIpQOu0Y,thumbnails/gpbnIpQOu0Y.jpg
rh_I_puzijk,@fishjellyfilmreviews,Fish Jelly Film Reviews,,THE MORTUARY ASSISTANT Movie Review **SPOILER ALERT**,2026-02-12,2026,12075,767,https://www.youtube.com/watch?v=rh_I_puzijk,thumbnails/rh_I_puzijk.jpg
0qqvoryFQ2w,@GrandesRelatosparaDormir,Grandes Relatos para Dormir,10400.0,El Descubrimiento de América: Desde los Primeros Habitantes hasta la Caída de los Grandes Imperios,2026-03-01,2026,2228,3620,https://www.youtube.com/watch?v=0qqvoryFQ2w,thumbnails/0qqvoryFQ2w.jpg
BIlILOSGwIE,@AustinBurke,Austin Burke,162000.0,Markiplier's Iron Lung (2026) Movie Review,2026-01-31,2026,5940,568,https://www.youtube.com/watch?v=BIlILOSGwIE,thumbnails/BIlILOSGwIE.jpg
9-R3Cj7BrvI,@Supermanualidades,supermanualidades,4240000.0,Hice todas las miniaturas temáticas del año (recopilación) - Supermanualidades,2026-02-27,2026,40690,4964,https://www.youtube.com/watch?v=9-R3Cj7BrvI,thumbnails/9-R3Cj7BrvI.jpg
fRujMu0xsno,@HigherPlainGames,Higher Plain Games,11700.0,"Micro Overdrive: Home Tour - Review | Macro, not Micro Machines Racer",2026-04-24,2026,218,382,https://www.youtube.com/watch?v=fRujMu0xsno,thumbnails/fRujMu0xsno.jpg
JHFUvbW5BjM,@jbnoticias-panamericana,JB Noticias en Panamericana,71100.0,El desfile de los presidentes que han pasado en 10 años,2026-02-21,2026,35406,601,https://www.youtube.com/watch?v=JHFUvbW5BjM,thumbnails/JHFUvbW5BjM.jpg
mW8LTPxJrXA,@PARTHEDUCATION,PARTH EDUCATION,1030000.0,Maths Calculation Tricks for All Competitive Exams 🔥| Maths Quick Tricks by Pradeep Sir,2026-03-01,2026,154,605,https://www.youtube.com/watch?v=mW8LTPxJrXA,thumbnails/mW8LTPxJrXA.jpg
Gwdgp7dCyFk,@cuetadda247,Adda247 CUET,1400000.0,CUET 2026 Exam से पहले PRE Test 🔥 Complete Details ✅ 1st Time on CUET ADDA,2026-04-26,2026,2293,1054,https://www.youtube.com/watch?v=Gwdgp7dCyFk,thumbnails/Gwdgp7dCyFk.jpg
ZJs0mQKHd5o,@resumiendo.,Resumiendo,47900.0,DIME MAS MENTIRAS (Tell Me Lies) | Temporada 3 RESUMEN COMPLETO EN MINUTOS,2026-02-17,2026,11594,743,https://www.youtube.com/watch?v=ZJs0mQKHd5o,thumbnails/ZJs0mQKHd5o.jpg
L7FF8Zgab3M,@IBMTechnology,IBM Technology,1690000.0,"What is OpenClaw? Inside AI Agents, LLMs and the Agentic Loop",2026-04-27,2026,180553,694,https://www.youtube.com/watch?v=L7FF8Zgab3M,thumbnails/L7FF8Zgab3M.jpg
0r2KsEFiyKQ,@SAeNcSAjuega,SAeNcSA juega,14900.0,RESIDENT EVIL 3 NEMESIS (PSX) Jugando con mi hijo - Parte 5 - El gusano gigante,2026-02-22,2026,54,2423,https://www.youtube.com/watch?v=0r2KsEFiyKQ,thumbnails/0r2KsEFiyKQ.jpg
4rGNXZylqA8,@wallacetaaa,wallacetaa,38300.0,EU NUNCA VI UM ROGUELIKE ASSIM! FIQUEI HYPADO! DiceWood,2026-02-10,2026,4257,2787,https://www.youtube.com/watch?v=4rGNXZylqA8,thumbnails/4rGNXZylqA8.jpg
FyZDaqoy7dw,@TeoríaDelPopcorn,Teoría Del Popcorn,10900.0,"El libro de los secretos 2010 Pelicula completa en español explicada, reseña y hechos",2026-05-03,2026,11123,7019,https://www.youtube.com/watch?v=FyZDaqoy7dw,thumbnails/FyZDaqoy7dw.jpg
VdYXqopgr7c,@BlatterteigRezepte,Blätterteig Rezepte,,Geniales Rezept aus Blätterteig - Schnelle & einfache Schinken-Käse-Snacks für dein Picknick ✨,2026-05-07,2026,62126,141,https://www.youtube.com/watch?v=VdYXqopgr7c,thumbnails/VdYXqopgr7c.jpg
OE-jzPh7K5I,@lantanch,ジャック・オ・蘭たん,676000.0,ポケモンたちと夢のメタモン生活｜ぽこあポケモン #1,2026-03-09,2026,734061,2728,https://www.youtube.com/watch?v=OE-jzPh7K5I,thumbnails/OE-jzPh7K5I.jpg
kNfqJrUFNeo,channel/UCPix8N6PMRI4KzgyjuZeF0g,Fahd Mirza,398000.0,Tencent's Covo-Audio: Local Install & Demo of a 7B End-to-End Voice AI Model,2026-04-07,2026,3142,612,https://www.youtube.com/watch?v=kNfqJrUFNeo,thumbnails/kNfqJrUFNeo.jpg
-slm8qDbG8k,@penguinz0,penguinz0,,The Degeneracy Never Stops,2026-05-01,2026,1115644,657,https://www.youtube.com/watch?v=-slm8qDbG8k,thumbnails/-slm8qDbG8k.jpg
SUqaNx5lWmo,@kaijuanim,KAIJU,533000.0,🌎Crea un LEGENDARIO JARDIN de DIOSES USANDO sus PODERES OCULTOS (1-5),2026-05-02,2026,38619,3381,https://www.youtube.com/watch?v=SUqaNx5lWmo,thumbnails/SUqaNx5lWmo.jpg
FLZNtR-FwFs,@evafitness.mirapham,Eva Fitness,1730000.0,Burn 350 Calories with a Full-Body Workout for Weight Loss | Eva Fitness,2026-05-12,2026,8563,2302,https://www.youtube.com/watch?v=FLZNtR-FwFs,thumbnails/FLZNtR-FwFs.jpg
I6Ih-XmAAm0,@CrankyTemplar,CrankyTemplar,168000.0,The Run - Ways to Die & Endings,2026-02-15,2026,10306,2489,https://www.youtube.com/watch?v=I6Ih-XmAAm0,thumbnails/I6Ih-XmAAm0.jpg
kwUAIg9iUJ0,@ConvergenciaDigital,Convergencia Digital,166000.0,REVELADA la Historia COMPLETA de DIGIMON ADVENTURE BEYOND,2026-05-10,2026,41605,1035,https://www.youtube.com/watch?v=kwUAIg9iUJ0,thumbnails/kwUAIg9iUJ0.jpg
NpxC6mUzXA4,@mamibhie,Unicorn Arellano,1300000.0,UMAMIN na si SHELLAINE kay KOSUKE😍 (ZAIDEE galit na galit sa pangaagaw ni YANCE kay ELLAINE),2026-04-05,2026,1603366,1392,https://www.youtube.com/watch?v=NpxC6mUzXA4,thumbnails/NpxC6mUzXA4.jpg
bgYj5wtlMwE,@アマプラ生活上々委員会,アマプラ生活上々委員会,,3月後半も追加20作以上！【Amazonプライム】新着映画+今月のおすすめベスト5見放題映画の紹介,2026-03-24,2026,9496,1191,https://www.youtube.com/watch?v=bgYj5wtlMwE,thumbnails/bgYj5wtlMwE.jpg
vd23laYRP64,@tomatostrash,Tomato's Trash,129000.0,This geriatric old bag fills his adult diaper the old fashioned way (Cataclysm: The Last Generation),2026-01-21,2026,28849,17846,https://www.youtube.com/watch?v=vd23laYRP64,thumbnails/vd23laYRP64.jpg
IW4e6wFNoG8,@HollowPoiint,Hollow,5160000.0,This Hyper-Realistic Horror Just Unlocked a New Fear..,2026-02-07,2026,380721,2847,https://www.youtube.com/watch?v=IW4e6wFNoG8,thumbnails/IW4e6wFNoG8.jpg
XeCtnefJ6GM,@BlatterteigRezepte,Blätterteig Rezepte,,Tanz in den Mai Snack: Geniales Rezept aus Blätterteig - Schnell einfach & lecker 🥐🤯,2026-04-23,2026,18762,147,https://www.youtube.com/watch?v=XeCtnefJ6GM,thumbnails/XeCtnefJ6GM.jpg
C3WZumnSl0I,@CanalHistory,Canal History Brasil,,OVNI em Avaré-SP tem formato inusitado | ESQUADRÃO UFO | HISTORY,2026-05-12,2026,72761,594,https://www.youtube.com/watch?v=C3WZumnSl0I,thumbnails/C3WZumnSl0I.jpg
LtGiAB1W8ro,@TheHiddenLevels,The Hidden Levels,11900.0,Pengilo Title Update 1 100% Achievement Walkthrough * 1000GS in 2-3 Minutes *,2026-04-16,2026,96,211,https://www.youtube.com/watch?v=LtGiAB1W8ro,thumbnails/LtGiAB1W8ro.jpg
xsF4J2wv9Ic,@olenastarodubets,Olena Starodubets,,Solte o Quadril e Melhore Flexibilidade - Aula de Alongamento Completa,2026-02-21,2026,20924,1982,https://www.youtube.com/watch?v=xsF4J2wv9Ic,thumbnails/xsF4J2wv9Ic.jpg
wIT6RzDwYao,@ShaniaAndEddie,Shania and Eddie,67600.0,Australian Couple React To Bollywood Song (Ghar Kab Aaoge),2026-01-29,2026,25756,266,https://www.youtube.com/watch?v=wIT6RzDwYao,thumbnails/wIT6RzDwYao.jpg
pcluKkN_TV4,@mystery-yogen,世界の予言ミステリー【ゆっくり解説】,,【寝るのが怖くなる】夢に違和感はありませんか？禁断の米軍技術「思考盗聴」が暴露【CIA機密文書】【都市伝説】【ゆっくり解説】,2026-01-25,2026,10643,1122,https://www.youtube.com/watch?v=pcluKkN_TV4,thumbnails/pcluKkN_TV4.jpg
EvQMNltkrf0,@mikesbookreviews,Mike's Book Reviews,148000.0,Breaking Down Your Most Unhinged Hot Takes | 70 Responses & My Reaction,2026-02-20,2026,18607,4546,https://www.youtube.com/watch?v=EvQMNltkrf0,thumbnails/EvQMNltkrf0.jpg
QDQscfuZXHI,@TheAwardsContender,The Awards Contender,84300.0,If I Chose the Oscar Winners 2026!,2026-02-17,2026,32724,2039,https://www.youtube.com/watch?v=QDQscfuZXHI,thumbnails/QDQscfuZXHI.jpg
YDOaLzden1o,@macaroni_recipe,macaroni | マカロニ,,【保存版】トマト缶レシピ8選｜パスタ・煮込み・カレー・簡単おかずまとめ,2026-04-17,2026,12055,712,https://www.youtube.com/watch?v=YDOaLzden1o,thumbnails/YDOaLzden1o.jpg
3MmLIFHRD3A,@olenastarodubets,Olena Starodubets,,Treino de Superiores e Abdômen para Tonificar + Cardio em casa | PLUMA – Treino 19,2026-01-29,2026,47592,1326,https://www.youtube.com/watch?v=3MmLIFHRD3A,thumbnails/3MmLIFHRD3A.jpg
cHLAtMJbEjQ,@EmiliaVLOG-t2r,Emilia VLOG 2001,810.0,Cozy Order Packing Vlog | Aesthetic Daily Life,2026-05-08,2026,1047,196,https://www.youtube.com/watch?v=cHLAtMJbEjQ,thumbnails/cHLAtMJbEjQ.jpg
JkdkMuTwxII,@ShirocoryGames,しろこりGames / インディーゲーム専門Vtuber,11600.0,【REANIMAL】覚醒した羊が異常すぎる 新作ホラーインディーゲーム実況 #4,2026-03-19,2026,146,4397,https://www.youtube.com/watch?v=JkdkMuTwxII,thumbnails/JkdkMuTwxII.jpg
ttRB2pPg7ng,@BlatterteigRezepte,Blätterteig Rezepte,,Hast du Blätterteig & Marmelade? Mein Geheimtrick für perfekte Schnecken! 🐌✨,2026-01-16,2026,6605,167,https://www.youtube.com/watch?v=ttRB2pPg7ng,thumbnails/ttRB2pPg7ng.jpg
v1tvIyDyjd8,@Shirrako,Shirrako,2560000.0,LEGACY OF KAIN ASCENDANCE Gameplay Walkthrough FULL GAME (4K 60FPS) No Commentary,2026-03-31,2026,29337,9232,https://www.youtube.com/watch?v=v1tvIyDyjd8,thumbnails/v1tvIyDyjd8.jpg
SxoBKb0hdAY,@tessandyoann,Tess & Yoann,176000.0,5000 Steps Fat burning Walking HIIT Workout (No Repeat) | Day 10 Move Reset,2026-01-13,2026,17385,2294,https://www.youtube.com/watch?v=SxoBKb0hdAY,thumbnails/SxoBKb0hdAY.jpg
tfRBVFwWbkg,@MagicFlicks,Magic Flicks,768000.0,Dhurandhar The Revenge Movie Review | Worth The Hype?,2026-03-21,2026,44961,1069,https://www.youtube.com/watch?v=tfRBVFwWbkg,thumbnails/tfRBVFwWbkg.jpg
SgBf-QWZbxo,@enminutos,ENMINUTOS,3640000.0,INTERCAMBIADOS (2026) RESUMEN EN MINUTOS,2026-05-07,2026,788437,1482,https://www.youtube.com/watch?v=SgBf-QWZbxo,thumbnails/SgBf-QWZbxo.jpg
4nLiHoX0_2c,@megaoficial,MEGA Oficial,10200000.0,¡Para MORIR DE RISA! El Internado se transformó EN UN CIRCO 🎪,2026-05-13,2026,21352,1327,https://www.youtube.com/watch?v=4nLiHoX0_2c,thumbnails/4nLiHoX0_2c.jpg
pV7B6peygxc,@ALGREACTS,ALG REACTS,114000.0,BE:FIRST / BE:FIRST ALL DAY -Music Video-|REACTION,2026-03-24,2026,6896,569,https://www.youtube.com/watch?v=pV7B6peygxc,thumbnails/pV7B6peygxc.jpg
jVuaUtQftRo,@supereasyrecipe,Super Easy Recipes,149000.0,Heart Brownies in 10 Minutes | Budget Valentine's Day Treat!,2026-01-31,2026,3735,388,https://www.youtube.com/watch?v=jVuaUtQftRo,thumbnails/jVuaUtQftRo.jpg
fSs1S_eV3Nw,@USASeniorLawGuide,USA Senior Law Guide,,I Retired at 59 Using This Simple “Rule of 10” Strategy,2026-05-12,2026,130,1477,https://www.youtube.com/watch?v=fSs1S_eV3Nw,thumbnails/fSs1S_eV3Nw.jpg
FD_sfhAdtec,@JoBloMovieNetwork,JoBlo Movie Network,2610000.0,MINIONS & MONSTERS | Official Final Trailer (2026) 4K,2026-05-07,2026,45486,179,https://www.youtube.com/watch?v=FD_sfhAdtec,thumbnails/FD_sfhAdtec.jpg
N-qCMntm1Gs,@Katholika,Katholika,,Katholika News em 1 minuto - Papa reza pela Venezuela,2026-01-16,2026,31,75,https://www.youtube.com/watch?v=N-qCMntm1Gs,thumbnails/N-qCMntm1Gs.jpg
hQSm0xOenkE,@primevideoaunz,Prime Video AU & NZ,1010000.0,Deathclaw Vs. Power Armour | Fallout Season Two | Prime Video,2026-01-28,2026,99364,110,https://www.youtube.com/watch?v=hQSm0xOenkE,thumbnails/hQSm0xOenkE.jpg
-qU0JaYpJgM,@HistoryLA,History Latinoamérica,,¡UNA OBRA DE MUSEO! ESCULTURA DE VODENITCHAROV 🎨🏛️💰 - El precio de la historia,2026-05-20,2026,1329,517,https://www.youtube.com/watch?v=-qU0JaYpJgM,thumbnails/-qU0JaYpJgM.jpg
AC8c6pVE4Qc,@enfant-terrible,ENFANT TERRIBLE,494000.0,ALL 40 NEW BIGGEST Game Reveals and Gameplay Previews from May 2026,2026-05-01,2026,23058,9196,https://www.youtube.com/watch?v=AC8c6pVE4Qc,thumbnails/AC8c6pVE4Qc.jpg
WGu9Gkfvq5s,@KawaiiBeth,KawaiiBeth,29700.0,How To Share Miis Online For Tomodachi Life: Living The Dream! TomodachiShare: The Mii Sharing Tool,2026-04-06,2026,19180,102,https://www.youtube.com/watch?v=WGu9Gkfvq5s,thumbnails/WGu9Gkfvq5s.jpg
JfRbDhmLLTc,@BlatterteigRezepte,Blätterteig Rezepte,,Geniales Rezept aus Blätterteig - Schnelle & einfache Pesto-Käse-Snacks für dein Picknick ✨,2026-05-05,2026,35714,133,https://www.youtube.com/watch?v=JfRbDhmLLTc,thumbnails/JfRbDhmLLTc.jpg
EGTqlH573ck,@marugameCH,まるのゲーム実況チャンネル,16700.0,【拠点建築】酒場にトマト畑！？街を不法占拠してみた！！【Windrose/ウィンドローズ】,2026-04-28,2026,3979,571,https://www.youtube.com/watch?v=EGTqlH573ck,thumbnails/EGTqlH573ck.jpg
ocsXIxB_Q10,@getfitfastTransformation,Get Fit Fast,390000.0,12 Min Core Workout to Flatten Your Stomach (Standing only),2026-01-07,2026,14857,734,https://www.youtube.com/watch?v=ocsXIxB_Q10,thumbnails/ocsXIxB_Q10.jpg
_JWll9mSLag,@HistoryTime,History Time,1320000.0,After Alexander - The Mysterious Kingdom Of The Greco-Bactrians // Ancient History Documentary,2026-04-25,2026,102685,5747,https://www.youtube.com/watch?v=_JWll9mSLag,thumbnails/_JWll9mSLag.jpg
eyIkATnIriI,@cbc_3puncooking,キユーピー3分クッキング【CBCテレビ公式】,,和風ステーキ丼（2026年1月12日放送）【３分クッキング公式】,2026-01-11,2026,32142,389,https://www.youtube.com/watch?v=eyIkATnIriI,thumbnails/eyIkATnIriI.jpg
jy42Ek6Fh60,@jaisonclarinet,JaisonClarinet,191000.0,Los picardias y el vecino,2026-05-07,2026,46055,501,https://www.youtube.com/watch?v=jy42Ek6Fh60,thumbnails/jy42Ek6Fh60.jpg
0KkrwwUHTr4,@TheOntarioGardener,TheOntarioGardener,11100.0,Turning Paradise Into a MONEY-MAKING FACTORY 🌴 (Factory Town 2 First Look) #theontariogardener,2026-04-30,2026,163,3938,https://www.youtube.com/watch?v=0KkrwwUHTr4,thumbnails/0KkrwwUHTr4.jpg
9MlLzkenRmQ,@AlphaBolt,AlphaBolt,1140000.0,*NEW* ALL WORKING CODES FOR SAILOR PIECE IN 2026! ROBLOX SAILOR PIECE CODES,2026-03-02,2026,759,484,https://www.youtube.com/watch?v=9MlLzkenRmQ,thumbnails/9MlLzkenRmQ.jpg
CtblA16KMGU,channel/UCbA1eOkmGA6uFQwmvacInkQ,Aarzoo Khaan,93400.0,Me Wapas Nhi Aaunga – Aarzoo Khaan | Emotional Hindi Sad Song | New Song 2026 | Arijit Singh Vibe,2026-03-06,2026,464498,483,https://www.youtube.com/watch?v=CtblA16KMGU,thumbnails/CtblA16KMGU.jpg
ozmT8opWw6A,@PlanetaVivo-u1s,Vivo Planeta,,MARAVILHAS DO PLANETA | Os Lugares Mais Perigosos da Terra Que São Difíceis de Acreditar Que Existem,2026-02-25,2026,444225,4628,https://www.youtube.com/watch?v=ozmT8opWw6A,thumbnails/ozmT8opWw6A.jpg
B1n67DhOs6M,@rinimt,rinimt,16600.0,A Weekend in Puzzleburg | Demo Gameplay,2026-02-16,2026,38,1852,https://www.youtube.com/watch?v=B1n67DhOs6M,thumbnails/B1n67DhOs6M.jpg
tIqbsruj8L4,@anko_channel,あんこ映画チャンネル,,【映画感想】2026年今アツいのは◯◯映画！,2026-04-19,2026,592,828,https://www.youtube.com/watch?v=tIqbsruj8L4,thumbnails/tIqbsruj8L4.jpg
AgsDVoYFDg8,@rinimt,rinimt,16600.0,Bullied | Tiny Bunny Let's Play Part 4,2026-05-15,2026,22,2229,https://www.youtube.com/watch?v=AgsDVoYFDg8,thumbnails/AgsDVoYFDg8.jpg
X5B1OV9R9Pc,@tatsugoro17,たつごろう,,【共働き夫婦】4歳息子の習い事、親としての大反省,2026-02-18,2026,52232,1088,https://www.youtube.com/watch?v=X5B1OV9R9Pc,thumbnails/X5B1OV9R9Pc.jpg
s8Q9dAPbi-k,@TheInvisibleUniverse1,The Invisible Universe,13300.0,What if you started traveling one light-year right now — when would you arrive?| Lisa Randall,2026-05-13,2026,14624,1340,https://www.youtube.com/watch?v=s8Q9dAPbi-k,thumbnails/s8Q9dAPbi-k.jpg
zK3GUcAtsqk,@AileenSenpai,AileenSenpai,475000.0,WHAT A LEGEND!!! | FIRST TIME HEARING Bruce Springsteen - Born to Run | REACTION/ANALYSIS,2026-01-08,2026,76453,789,https://www.youtube.com/watch?v=zK3GUcAtsqk,thumbnails/zK3GUcAtsqk.jpg
iGlP1hG0S-c,@MejoresBandasÉxitos,Mejores Bandas Éxitos,,TAMOR QUE DUELE 💔 Carin León & Karol G | Duetos Tristes De Desamor 2026,2026-05-08,2026,1144,2941,https://www.youtube.com/watch?v=iGlP1hG0S-c,thumbnails/iGlP1hG0S-c.jpg
h3gjcUmW_cg,@EinfachGesund-j6l,Einfach Gesund,,Warum gesunde Menschen einen Herzinfarkt bekommen – und wie man ihn verhindern kann,2026-04-29,2026,51,546,https://www.youtube.com/watch?v=h3gjcUmW_cg,thumbnails/h3gjcUmW_cg.jpg
G-gi272-TWg,@Plot_Time,Plot Time,,Le film prétentieux le plus insupportable de l’année… THE BRIDE! Critique - VlogTime # 660,2026-03-04,2026,30023,1013,https://www.youtube.com/watch?v=G-gi272-TWg,thumbnails/G-gi272-TWg.jpg
jqZmuUoXx6c,@Malviyaacademy1.0,Malviya Academy ,675000.0,CUET UG 2026 Geography | Water Transport | MPT - 4 | cuet ug 2026 crash course | Shiw Mohan Sir,2026-03-21,2026,301,950,https://www.youtube.com/watch?v=jqZmuUoXx6c,thumbnails/jqZmuUoXx6c.jpg
etXNbEgWIV0,@wallacetaaa,wallacetaa,38300.0,FIZERAM UM REPOLHO ROGUELIKE E EU FIQUEI COMPLETAMENTE VICIADO! Super Cabbage Kabumi,2026-02-07,2026,6322,1998,https://www.youtube.com/watch?v=etXNbEgWIV0,thumbnails/etXNbEgWIV0.jpg
pRnW5ISNTsE,@bossmanmusic_w56,Bossman Music,,Chagi Ghau_Bossman Music_Official Music Audio 2026,2026-04-10,2026,43358,305,https://www.youtube.com/watch?v=pRnW5ISNTsE,thumbnails/pRnW5ISNTsE.jpg
Vgrj012npUY,@BestHistoryDocumentariesHH,Best History Documentaries,97200.0,"Dan Snow Explores The Norman Conquest: Castles, Abbeys, & Invasion",2026-04-05,2026,72481,5212,https://www.youtube.com/watch?v=Vgrj012npUY,thumbnails/Vgrj012npUY.jpg
sDT9VBl0dPk,@France24_es,FRANCE 24 Español,2110000.0,Directo a... Washington y lo que sabemos de la acusación contra el expresidente cubano Raúl Castro,2026-05-20,2026,902,248,https://www.youtube.com/watch?v=sDT9VBl0dPk,thumbnails/sDT9VBl0dPk.jpg
Bbm-TNxstHg,@Testbook,Testbook,4090000.0,SSC Selection Post Phase 14 Notification 2026 Update 🔥| Documents Required for Form Filling,2026-04-08,2026,9969,455,https://www.youtube.com/watch?v=Bbm-TNxstHg,thumbnails/Bbm-TNxstHg.jpg
y2kjQzqiSz4,@KISUKEg,きすけ劇場,,最高にいかれてる映画「28年後…白骨の神殿」,2026-01-25,2026,42249,1311,https://www.youtube.com/watch?v=y2kjQzqiSz4,thumbnails/y2kjQzqiSz4.jpg
hZQod5IXpFo,channel/UCbA1eOkmGA6uFQwmvacInkQ,Aarzoo Khaan,93400.0,Khush Raho – Aarzoo Khaan | Emotional Hindi Sad Song | New Song 2026 | Arijit Singh Vibe,2026-04-12,2026,2107560,470,https://www.youtube.com/watch?v=hZQod5IXpFo,thumbnails/hZQod5IXpFo.jpg
LEJiH2-oufw,@HorizontesOcultos88,Horizontes Ocultos TOP,,NAR PHU - A Vila Tibetana Mais Isolada do Himalaia que Você Nunca Viu | NEPAL Documentário Completo,2026-03-30,2026,583,4327,https://www.youtube.com/watch?v=LEJiH2-oufw,thumbnails/LEJiH2-oufw.jpg
4NlU7ZuAO4w,@autodidactic999,Auto didactic,95900.0,The Rothschilds in Australia and the 2 Crowns,2026-02-06,2026,7463,6841,https://www.youtube.com/watch?v=4NlU7ZuAO4w,thumbnails/4NlU7ZuAO4w.jpg
8GXGLtk30CQ,@InvestYadnya,Yadnya Investment Academy,937000.0,"Daily Stock Market News(15 April 2026): Amazon’s $11B Deal, IMF Growth Hike & Below-Normal Monsoon",2026-04-14,2026,15955,1399,https://www.youtube.com/watch?v=8GXGLtk30CQ,thumbnails/8GXGLtk30CQ.jpg
